db_id,half
movies_4,dev
hockey,dev
movie_platform,dev
law_episode,dev
language_corpus,dev
beer_factory,dev
synthea,dev
chicago_crime,dev
codebase_community,dev
social_media,dev
ice_hockey_draft,dev
book_publishing_company,dev
cs_semester,dev
airline,dev
food_inspection_2,dev
authors,dev
video_games,dev
regional_sales,dev
restaurant,dev
mondial_geo,dev
student_loan,dev
student_club,dev
simpson_episodes,dev
codebase_comments,dev
disney,dev
sales,dev
legislator,dev
world,dev
shipping,holdout
car_retails,holdout
toxicology,holdout
university,holdout
retails,holdout
movielens,holdout
donor,holdout
superhero,holdout
world_development_indicators,holdout
works_cycles,holdout
formula_1,holdout
address,holdout
food_inspection,holdout
public_review_platform,holdout
books,holdout
menu,holdout
olympics,holdout
thrombosis_prediction,holdout
european_football_2,holdout
shakespeare,holdout
soccer_2016,holdout
superstore,holdout
retail_complains,holdout
movie_3,holdout
card_games,holdout
professional_basketball,holdout
talkingdata,holdout
cars,holdout
image_and_language,holdout
